<keymap version="1" name="Visual Studio copy" parent="Visual Studio">
  <action id="ActivateFavoritesToolWindow">
    <keyboard-shortcut first-keystroke="alt x" />
  </action>
  <action id="ActivateFindToolWindow">
    <keyboard-shortcut first-keystroke="ctrl alt f12" />
    <keyboard-shortcut first-keystroke="alt f" />
  </action>
  <action id="ActivateStructureToolWindow">
    <keyboard-shortcut first-keystroke="alt r" />
  </action>
  <action id="ActivateVersionControlToolWindow">
    <keyboard-shortcut first-keystroke="ctrl alt z" />
  </action>
  <action id="Arrangement.Alias.Rule.Edit" />
  <action id="Arrangement.Rule.Edit" />
  <action id="Arrangement.Rule.Match.Condition.Move.Down" />
  <action id="Back">
    <keyboard-shortcut first-keystroke="alt q" />
  </action>
  <action id="ChangesView.Diff" />
  <action id="ChangesView.GroupBy.Directory" />
  <action id="ChangesView.Rename">
    <keyboard-shortcut first-keystroke="shift f6" />
  </action>
  <action id="ChangesView.Revert">
    <keyboard-shortcut first-keystroke="alt z" />
  </action>
  <action id="CheckinProject" />
  <action id="CloseAllUnpinnedEditors">
    <keyboard-shortcut first-keystroke="shift ctrl w" />
  </action>
  <action id="CloseContent">
    <keyboard-shortcut first-keystroke="ctrl f4" />
    <keyboard-shortcut first-keystroke="ctrl w" />
  </action>
  <action id="CollapseSelection" />
  <action id="CommentByLineComment">
    <keyboard-shortcut first-keystroke="ctrl alt slash" />
    <keyboard-shortcut first-keystroke="ctrl alt divide" />
    <keyboard-shortcut first-keystroke="ctrl k" second-keystroke="c" />
    <keyboard-shortcut first-keystroke="ctrl k" second-keystroke="ctrl c" />
    <keyboard-shortcut first-keystroke="ctrl slash" />
  </action>
  <action id="CompareTwoFiles" />
  <action id="Console.TableResult.CloneRow" />
  <action id="Console.TableResult.EditValue">
    <keyboard-shortcut first-keystroke="enter" />
    <keyboard-shortcut first-keystroke="alt enter" />
  </action>
  <action id="Console.TableResult.NavigateAction" />
  <action id="ContextHelp" />
  <action id="Diff.ShowDiff" />
  <action id="EditSource" />
  <action id="EditorChooseLookupItemDot" />
  <action id="EditorContextInfo" />
  <action id="EditorDeleteLine">
    <keyboard-shortcut first-keystroke="ctrl d" />
  </action>
  <action id="EditorDuplicate" />
  <action id="EditorDuplicateLines">
    <keyboard-shortcut first-keystroke="ctrl b" />
  </action>
  <action id="EditorLookupDown" />
  <action id="EditorMoveToPageBottom" />
  <action id="EditorMoveToPageTop" />
  <action id="EditorScrollBottom">
    <keyboard-shortcut first-keystroke="ctrl page_down" />
  </action>
  <action id="EditorScrollDown" />
  <action id="EditorScrollTop">
    <keyboard-shortcut first-keystroke="ctrl page_up" />
  </action>
  <action id="EditorSelectWord">
    <keyboard-shortcut first-keystroke="ctrl alt right" />
  </action>
  <action id="EditorTextEnd" />
  <action id="EditorUnSelectWord">
    <keyboard-shortcut first-keystroke="ctrl alt left" />
  </action>
  <action id="FileChooser.GotoDesktop" />
  <action id="FileChooser.TogglePathShowing" />
  <action id="FindModal">
    <keyboard-shortcut first-keystroke="ctrl p" />
  </action>
  <action id="FindNext">
    <keyboard-shortcut first-keystroke="f3" />
  </action>
  <action id="FindPrevious">
    <keyboard-shortcut first-keystroke="f4" />
  </action>
  <action id="Forward">
    <keyboard-shortcut first-keystroke="alt e" />
  </action>
  <action id="Git.Reword.Commit">
    <keyboard-shortcut first-keystroke="shift f6" />
  </action>
  <action id="GotoChangedFile" />
  <action id="GotoClass">
    <keyboard-shortcut first-keystroke="ctrl t" />
  </action>
  <action id="GotoDeclaration">
    <keyboard-shortcut first-keystroke="f1" />
    <mouse-shortcut keystroke="alt button1" />
  </action>
  <action id="GotoFile" />
  <action id="GotoImplementation">
    <mouse-shortcut keystroke="control alt button1" />
  </action>
  <action id="GotoSymbol">
    <keyboard-shortcut first-keystroke="ctrl semicolon" />
    <keyboard-shortcut first-keystroke="ctrl period" />
  </action>
  <action id="Images.Editor.ActualSize">
    <keyboard-shortcut first-keystroke="ctrl divide" />
  </action>
  <action id="MethodDown" />
  <action id="MethodOverloadSwitchDown" />
  <action id="NextOccurence">
    <keyboard-shortcut first-keystroke="ctrl alt down" />
    <keyboard-shortcut first-keystroke="alt d" />
  </action>
  <action id="OpenFile" />
  <action id="PinActiveTab">
    <keyboard-shortcut first-keystroke="alt back_quote" />
  </action>
  <action id="PreviousOccurence">
    <keyboard-shortcut first-keystroke="ctrl alt up" />
    <keyboard-shortcut first-keystroke="alt s" />
  </action>
  <action id="Print" />
  <action id="ReSharperNavigateTo">
    <keyboard-shortcut first-keystroke="alt dead_grave" />
  </action>
  <action id="RemoteHostView.Rename" />
  <action id="RenameElement">
    <keyboard-shortcut first-keystroke="f2" />
  </action>
  <action id="RevealIn">
    <keyboard-shortcut first-keystroke="ctrl o" />
  </action>
  <action id="RiderNewSolution">
    <keyboard-shortcut first-keystroke="ctrl q" />
  </action>
  <action id="RiderUnitTestCoverSolutionAction">
    <keyboard-shortcut first-keystroke="ctrl u" second-keystroke="k" />
    <keyboard-shortcut first-keystroke="ctrl u" second-keystroke="ctrl k" />
  </action>
  <action id="RiderUnitTestDebugContextTwAction" />
  <action id="RunDashboard.CopyConfiguration" />
  <action id="SaveFileAsTemplate">
    <keyboard-shortcut first-keystroke="alt c" />
  </action>
  <action id="SearchEverywhere" />
  <action id="SearchEverywhere.NavigateToNextGroup">
    <keyboard-shortcut first-keystroke="page_down" />
  </action>
  <action id="SendEOF" />
  <action id="ShelvedChanges.Rename">
    <keyboard-shortcut first-keystroke="shift f6" />
  </action>
  <action id="ShowBookmarks">
    <keyboard-shortcut first-keystroke="ctrl back_quote" />
    <keyboard-shortcut first-keystroke="alt 2" />
  </action>
  <action id="ShowContent" />
  <action id="ShowSettings">
    <keyboard-shortcut first-keystroke="alt 4" />
  </action>
  <action id="TodoViewGroupByShowPackages" />
  <action id="ToggleBookmark">
    <keyboard-shortcut first-keystroke="ctrl k" second-keystroke="k" />
    <keyboard-shortcut first-keystroke="ctrl k" second-keystroke="ctrl k" />
    <keyboard-shortcut first-keystroke="alt 3" />
  </action>
  <action id="UML.ActualSize">
    <keyboard-shortcut first-keystroke="ctrl divide" />
  </action>
  <action id="Vcs.EditSource" />
  <action id="Vcs.RollbackChangedLines" />
  <action id="XDebugger.EditWatch" />
  <action id="XDebugger.JumpToSource" />
  <action id="XDebugger.MoveWatchDown" />
  <action id="XDebugger.SetValue" />
  <action id="openAssertEqualsDiff" />
</keymap>