<application>
  <component name="CodeInsightSettings">
    <option name="SHOW_PARAMETER_NAME_HINTS_ON_COMPLETION" value="true" />
    <option name="PARAMETER_INFO_DELAY" value="500" />
    <option name="AUTO_POPUP_JAVADOC_INFO" value="true" />
    <option name="JAVADOC_INFO_DELAY" value="500" />
    <option name="COMPLETION_CASE_SENSITIVE" value="2" />
    <option name="SELECT_AUTOPOPUP_SUGGESTIONS_BY_CHARS" value="true" />
    <option name="AUTOCOMPLETE_ON_CODE_COMPLETION" value="false" />
    <option name="SHOW_FULL_SIGNATURES_IN_PARAMETER_INFO" value="true" />
    <option name="INSERT_BRACE_ON_ENTER" value="false" />
    <option name="SURROUND_SELECTION_ON_QUOTE_TYPED" value="true" />
  </component>
  <component name="RiderCodeCompletionExtraSettings">
    <option name="alwaysCompleteWithEnter" value="true" />
  </component>
  <component name="SqlCodeCompletionSettings" USE_ALIAS_JOIN_COMPLETION="false" SUGGEST_ALIAS_NAMES="false">
    <option name="suggestAliasNames" value="false" />
    <option name="useAliasInJoinCompletion" value="false" />
  </component>
</application>