<application>
  <component name="NotRoamableUiSettings">
    <option name="editorAAType" value="No antialiasing" />
  </component>
  <component name="PropertiesComponent">
    <property name="ColorChooser.RecentColors" value="62-89-255-255,,,38-65-255-255,,,77-219-40-255,,,65-37-10-255,,,65-64-9-255,,,36-165-120-255,,,13-165-116-255" />
    <property name="CommitChangeListDialog.DETAILS_SPLITTER_PROPORTION_2" value="0.6040724" />
    <property name="CommitChangeListDialog.SPLITTER_PROPORTION_2" value="0.79241073" />
    <property name="Darcula.SavedEditorTheme" value="_@user_Darcula" />
    <property name="Default.SavedEditorTheme" value="_@user_Default" />
    <property name="ExpandBeforeRunStepsPanel" value="true" />
    <property name="FileColorsForProjectViewEnabled" value="true" />
    <property name="FileColorsForTabsEnabled" value="true" />
    <property name="INSPECTION_FILTER_HISTORY" value="compare&#10;return&#10;expression&#10;incons" />
    <property name="KEYMAP" value="sy&#10;symb&#10;class&#10;previous&#10;show in ex" />
    <property name="PluginConfigurable.selectionTab" value="1" />
    <property name="RD.Init.Cfg.2" value="true" />
    <property name="RD.Init.DialogShown.Ide" value="true" />
    <property name="SettingsSearchHistory" value="stack&#10;completion&#10;inspect&#10;color&#10;font" />
    <property name="bookmarks.splitter" value="0.23049894" />
    <property name="com.intellij.history.integration.ui.views.FileHistoryDialog.0" value="300" />
    <property name="com.intellij.history.integration.ui.views.FileHistoryDialog.1" value="800" />
    <property name="evlsprt3.183" value="14" />
    <property name="file.chooser.recent.files" value="F:/voyager/UnityPackages/Config/Server/boot_config.xml&#10;F:/voyager/UnityPackages/Config/Client/boot_config.xml&#10;F:/voyager/UnityPackages/App.Shared&#10;C:/二进制编码深蓝背景.jpg&#10;C:/抽象二进制代码-云彩数据-blockchain技术-数字网际空间-134373654.jpg&#10;C:/抽象背景技术-在全球性通信的未来派技术-132139698.jpg&#10;F:/voyager/UnityPackages/Config&#10;F:/voyager/UnityPackages/Assets&#10;F:/voyager&#10;C:/eca713a5a7b7b95a.jpg" />
    <property name="file.gist.reindex.count" value="135" />
    <property name="fileTypeChangedCounter" value="2" />
    <property name="find.popup.splitter" value="0.69937694" />
    <property name="ideavim.statistics.timestamp" value="1552016888105" />
    <property name="ignoreUltimateEdition" value="true" />
    <property name="last_selected_template" value="Unit Test Project|Xamarin" />
    <property name="org.intellij.images.editor.actions.BackgroundImageDialog#recent" value="C:\二进制编码深蓝背景.jpg&#10;C:\抽象背景技术-在全球性通信的未来派技术-132139698.jpg&#10;C:\抽象二进制代码-云彩数据-blockchain技术-数字网际空间-134373654.jpg&#10;C:\eca713a5a7b7b95a.jpg" />
    <property name="selected.color.option.type" value="ReSharper.ST_HYPERLINK" />
    <property name="settings.code.style.selected.tab.C#" value="Tabs, Indents, Alignment" />
    <property name="settings.code.style.selected.tab.CoffeeScript" value="Spaces" />
    <property name="settings.code.style.selected.tab.yaml" value="Tabs and Indents" />
    <property name="toolwindow.stripes.buttons.info.shown" value="true" />
    <property name="ts.lib.d.ts.version" value="3.2.1" />
  </component>
</application>